<?xml version="1.0"?>
<doc>
    <assembly>
        <name>FarPoint.Win.Design</name>
    </assembly>
    <members>
        <member name="T:FarPoint.Win.Design.InstanceDescriptorCodeDomSerializer">
            <summary>
            Internal use only. Instance descriptor code DOM serializer.
            </summary>
        </member>
        <member name="M:FarPoint.Win.Design.InstanceDescriptorCodeDomSerializer.Deserialize(System.ComponentModel.Design.Serialization.IDesignerSerializationManager,System.Object)">
            <summary>
            Deserializes.
            </summary>
            <param name="manager">Serialization manager</param>
            <param name="codeObject">Code object</param>
        </member>
        <member name="M:FarPoint.Win.Design.InstanceDescriptorCodeDomSerializer.Serialize(System.ComponentModel.Design.Serialization.IDesignerSerializationManager,System.Object)">
            <summary>
            Serializes.
            </summary>
            <param name="manager">Serialization manager</param>
            <param name="value">Value</param>
        </member>
        <member name="T:FarPoint.Win.Design.PictureEditor">
            <summary>
            Represents a picture editor.
            </summary>
        </member>
        <member name="M:FarPoint.Win.Design.PictureEditor.EditValue(System.ComponentModel.ITypeDescriptorContext,System.IServiceProvider,System.Object)">
            <summary>
            Returns the value in the editor.
            </summary>
            <param name="context">Context (ITypeDescriptorContext)</param>
            <param name="provider">Provider (IServiceProvider)</param>
            <param name="value">Value</param>
        </member>
        <member name="M:FarPoint.Win.Design.PictureEditor.PaintValue(System.Drawing.Design.PaintValueEventArgs)">
            <summary>
            Paints the value in the editor.
            </summary>
            <param name="e">PaintValueEventArgs object containing event data</param>
        </member>
    </members>
</doc>
